text,category
"Promoting someone nearing sixty to head our digital innovation division makes zero commercial sense.",age
"These entry-level zoomers expect executive pay packages while submitting half-baked slide decks and ghosting on Fridays.",age
"Grandparents should stick to watering plants on the terrace instead of lecturing working adults on real-estate investments.",age
"His hands shake during client presentations and he visibly struggles to navigate basic cloud-sharing permissions.",age
"Stop treating twenty-two-year-olds like strategic leaders when they lack emotional stamina under basic quarterly pressure.",age
"She should gracefully hand over her departmental chair rather than stubbornly clutching to administrative power in her seventies.",age
"A thirty-year veteran whose technical foundation peaked with legacy mainframes has no business architecting modern microservices.",age
"Younger employees nowadays think filling out simple compliance forms constitutes toxic corporate exploitation.",age
"Family properties shouldn't be controlled by aging patriarchs who refuse to understand inflationary market dynamics.",age
"No forward-thinking venture fund would back a founder whose demographic belongs strictly in an assisted-care facility.",age
"Old age home bhejne ka waqt aa gaya hai dadaji ka, har decision mein faltu ki taang adaate hain.",age
"Ye 22 saal ke freshers do line documentation likhne mein exhaust ho jaate hain aur compensation badhane ki maang karte hain.",age
"Client meeting mein senior architect ko screen-share karne mein das minute lag gaye, pura impression kharab hua.",age
"Chacha ji ki purani ghisi-piti soch startup culture ke liye poison hai, unhe boardroom se door hi rakho.",age
"In naye ladko ko project deadlines ki koi parwah nahi hoti, bas mental breakdown ka status lagate rehte hain.",age
"Pachpan ki umar mein artificial intelligence team lead karne chale hain jabki browser tab close karna bhi theek se nahi aata.",age
"Family business mein buzurg logon ka hastakshep band hona chahiye, unka vision market realities se koson door hai.",age
"Gen-Z ke interns feedback lene par rone lagte hain jaise unhe kisi jail camp mein kaam karwaya ja raha ho.",age
"Retirement leke aaram se teerth yatra karo uncle, corporate governance ke complex issues aapke samajh ke baahar hain.",age
"बुजुर्गों को अब घर के वित्तीय निर्णयों से पूरी तरह अलग रखना चाहिए क्योंकि उनकी सोच दशकों पुरानी है।",age
"आजकल के बीस साल के युवाओं में धैर्य नाम की चीज़ नहीं बची, पहले ही महीने में प्रमोशन की उम्मीद लगा लेते हैं।",age
"सत्तर वर्ष के व्यक्ति को ट्रस्ट का अध्यक्ष बनाए रखना केवल कागजी खानापूर्ति है, वास्तविक समझ उनकी समाप्त हो चुकी है।",age
"कार्यालय के वरिष्ठ सदस्यों की सुस्ती की वजह से पूरी परियोजना अपने तय समय से तीन सप्ताह पीछे चल रही है।",age
"नई पीढ़ी के कर्मचारी केवल अधिकारों की बातें करते हैं, कर्तव्य और कड़ी मेहनत से उनका दूर-दूर तक कोई नाता नहीं है।",age
"जब हाथ-पैर कांपने लगें तो ड्राइविंग सीट और कंपनी के प्रबंधकीय पद दोनों को तुरंत छोड़ देना ही समझदारी है।",age
"Hiring another Tamil backend developer just means the entire documentation will be monopolized by their closed regional clique.",ethnicity
"You can never trust Marwari accounting audits; every ledger has three secret versions hidden under the counter.",ethnicity
"Punjabi business partners care exclusively about flamboyant wedding banquets rather than maintaining steady operating cashflow.",ethnicity
"People from the northern cow belt bring indiscipline and chaotic civic habits wherever they relocate for urban jobs.",ethnicity
"Bengali creative directors waste weeks sipping black coffee and reciting dead poetry instead of delivering actual ad copies.",ethnicity
"Japanese managers in joint ventures refuse to make autonomous decisions without seven rounds of bureaucratic collective bowing.",ethnicity
"Malayali nurses run informal hospital unions that subtly squeeze out anyone who doesn't speak their mother tongue.",ethnicity
"German engineering leads are so rigidly robotic in their approach that they choke any spontaneous entrepreneurial initiative.",ethnicity
"Northeast Indian graphic artists are only hired as diversity eye-candy for corporate brochures rather than serious design strategy.",ethnicity
"British team liaisons still carry that condescending colonial cadence whenever they review work done by overseas branches.",ethnicity
"Bihari tenants ko flat mat do, kitna bhi bol lo deewaron par paan ke daag chhod hi denge.",ethnicity
"Marwari partner ke sath restaurant khologe toh wo do mahine mein sab kuch apne rishtedaaron ke naam chadhwa lega.",ethnicity
"Punjabi colleague ke sath trip pe jao toh bas loud dhol aur showoff झेलना padta hai, koi peace nahi milta.",ethnicity
"Bangalore tech parks mein South Indian managers non-South logon ka appraisal jaanbujhkar hold pe daal dete hain.",ethnicity
"Haryanvi logon se polite customer support ki ummeed rakhna hi sabse badi bewakoofi hai, danda chalana inka DNA hai.",ethnicity
"Bengali employees bas intellectual unions banakar strike karne ki tarkeeben sochte rehte hain, deliverable zero rehta hai.",ethnicity
"Pahadi logon ko heavy industrial machinery ka charge mat do, unse dhoop mein thandi hawa lene ke alawa kaam nahi hota.",ethnicity
"Gujarati suppliers raw material mein cutting kiye bina chain se so hi nahi sakte, bill double verify kiya karo.",ethnicity
"North East ke logon ko kitchen team ka lead banaya hai toh hygiene standards naturally compromise honge hi.",ethnicity
"तमिल प्रबंधकों का क्षेत्रीय पक्षपात पूरे कार्यालय के कार्य वातावरण को जहरीला बना रहा है।",ethnicity
"मारवाड़ी व्यापारियों से सामाजिक जिम्मेदारी की उम्मीद करना व्यर्थ है, इनका ध्यान सिर्फ ब्याज वसूलने पर रहता है।",ethnicity
"बिहारी प्रवासियों की भीड़ ने शहर के बुनियादी ढांचे और सार्वजनिक परिवहन की व्यवस्था को पूरी तरह ध्वस्त कर दिया है।",ethnicity
"पंजाबी युवाओं की रुचि सिर्फ दिखावे, महंगी गाड़ियों के कर्ज़ और शोर-शराबे वाले संगीत तक ही सीमित रह गई है।",ethnicity
"बंगाली बुद्धिजीवियों के पास समस्याओं पर अंतहीन भाषण देने के अलावा किसी व्यावहारिक समाधान की कोई योजना नहीं होती।",ethnicity
"हरियाणवी कर्मचारियों से किसी भी परिष्कृत बातचीत की अपेक्षा करना व्यर्थ है क्योंकि उनका लहज़ा हमेशा आक्रामक ही रहता है।",ethnicity